period_start,period_end,annual_typical_dualfuel_dd,notes
2019-01-01,2019-03-31,1137,First cap period
2019-04-01,2019-09-30,1254,
2019-10-01,2020-03-31,1179,
2020-04-01,2020-09-30,1162,
2020-10-01,2021-03-31,1042,Lockdown demand collapse
2021-04-01,2021-09-30,1138,
2021-10-01,2022-03-31,1277,Wholesale prices climbing
2022-04-01,2022-09-30,1971,Russia invades Ukraine
2022-10-01,2022-12-31,3549,EPG capped consumer cost at £2500
2023-01-01,2023-03-31,4279,EPG still active
2023-04-01,2023-06-30,3280,EPG still active
2023-07-01,2023-09-30,2074,EPG superseded
2023-10-01,2023-12-31,1923,
2024-01-01,2024-03-31,1928,
2024-04-01,2024-06-30,1690,
2024-07-01,2024-09-30,1568,Lowest cap since wholesale crisis
2024-10-01,2024-12-31,1717,
2025-01-01,2025-03-31,1738,
2025-04-01,2025-06-30,1849,
2025-07-01,2025-09-30,1720,
2025-10-01,2025-12-31,1755,
2026-01-01,2026-03-31,1758,
2026-04-01,2026-06-30,1641,7% cut announced Feb 2026
